score,nativeEnglish,partnerIsHuman,didCorrectly,comments,strategy,role,totalLength,participantID,gameId,time
1.2300000000000009,yes,human,yes,"Nope, but I hope it helps~~~","Most of them had obvious color associations, but for the few that didn't, I just paid attention to my partners guesses and we silently seemed to come to a consensus on what should represent those~~~",picker,639423,154,6211-f82dc519-bbda-4d96-888b-3ab0650bd2ac,1609795465125
1.2900000000000011,yes,human,yes,"No, but I had to switch from Chrome (before starting) to Firefox because the color blindness test images would not load in chrome~~~",I tried to remember what the other player chose when they were the speaker and repeated it when I was the speaker,picker,903300,82,4918-aa2be12e-eaab-446b-9f83-2e8c0f256639,1609795498576.9998
1.2300000000000009,yes,human,yes,No problems~~~ Thanks~~~,"I was trying to make associations that might be common~~~ Like gold necklace, disgust made me think green like vomit, unicorns pink, and gold necklaces~~~ I thought others might recognize these things and I hope that communication would translate~~~",picker,680004,102,6211-f82dc519-bbda-4d96-888b-3ab0650bd2ac,1609795530835
1.0500000000000007,yes,human,yes,No problems~~~,I tried to keep track of which colors the other person used~~~,picker,770309,135,0284-b91a8416-6865-43c3-a210-b6746ec87d50,1609795540893
1.0500000000000007,yes,human,yes,I did not notice any problems~~~ This was well-designed~~~ Thank you for allowing me to participate~~~,I tried to memorize the answers made by my partner and we tried to use just those colors when the words were selected~~~,picker,739651,2,0284-b91a8416-6865-43c3-a210-b6746ec87d50,1609795561328.0002
1.170000000000001,yes,human,yes,none,learn the colors from my partner and vice versa~~~ The words were repetitions~~~~~~~~~,picker,670091,179,8523-4ed65652-7060-4c45-be1b-465f3b31e437,1609795572951
1.170000000000001,yes,human,yes,no,emulate what they answered in the first round,picker,707170,205,8523-4ed65652-7060-4c45-be1b-465f3b31e437,1609795622586
0.6900000000000004,yes,program,yes,This is way underpaid~~~,I tried to copy what they thought~~~,picker,701119,27,6306-63f872f1-f7c8-448c-8f77-d6f99aa591e0,1609795658530.9998
0.6900000000000004,yes,human,yes,na,Try to learn from my partner and hope they learn from me~~~,picker,692187,81,6306-63f872f1-f7c8-448c-8f77-d6f99aa591e0,1609795663866
1.170000000000001,yes,human,yes,underpaid,Coordinate and pick the correct colors/associations,picker,645828,126,6556-519b674b-1019-4d03-8cb4-32f615158cc3,1609795668721
1.170000000000001,yes,program,yes,no,Try to be consistent~~~,picker,643274,31,6556-519b674b-1019-4d03-8cb4-32f615158cc3,1609795672614.9998
-0.06,yes,human,yes,no,Was just getting ready to play,picker,114853,95,9931-cf9ad145-3e41-416f-bbcd-b94ab678bb61,1609795709672
-0.12000000000000001,yes,human,yes,no,Was just getting ready to play,picker,129617,95,9931-cf9ad145-3e41-416f-bbcd-b94ab678bb61,1609795724435
-0.18,yes,human,yes,no,Was just getting ready to play,picker,130034,95,9931-cf9ad145-3e41-416f-bbcd-b94ab678bb61,1609795724851.0002
1.2000000000000008,yes,human,yes,No issues~~~,"I was trying to cooperate with our mistakes and correct them on the next round (if I chose something way off from what they were, etc)",picker,691024,150,1520-fc9193be-df85-4001-90d5-2c85e843d7d3,1609795741220
-0.24000000000000002,yes,human,yes,no,Was just getting ready to play,picker,155001,95,9931-cf9ad145-3e41-416f-bbcd-b94ab678bb61,1609795749818.9998
-0.3,yes,human,yes,no,Was just getting ready to play,picker,155361,95,9931-cf9ad145-3e41-416f-bbcd-b94ab678bb61,1609795750178.9998
-0.36,yes,human,yes,no,Was just getting ready to play,picker,155737,95,9931-cf9ad145-3e41-416f-bbcd-b94ab678bb61,1609795750554.9998
1.0800000000000007,yes,human,yes,No~~~,I tried to adjust the colors to match what the other person did in the first round~~~ (Although I kept confusing ferret and barley~~~),picker,650430,168,0209-1ae164c6-61b6-4854-b861-a468fb28bf3c,1609795750978.9998
-0.42000000000000004,yes,human,yes,no,Was just getting ready to play,picker,156386,95,9931-cf9ad145-3e41-416f-bbcd-b94ab678bb61,1609795751253.9998
-0.48000000000000004,yes,human,yes,no,Was just getting ready to play,picker,156713,95,9931-cf9ad145-3e41-416f-bbcd-b94ab678bb61,1609795751531
-0.54,yes,human,yes,no,Was just getting ready to play,picker,156953,95,9931-cf9ad145-3e41-416f-bbcd-b94ab678bb61,1609795751771
1.2000000000000008,yes,human,yes,Nope!,"At first, I picked what I thought was the best color, but after I was the listener I tried to also take into account what my partner chose as well~~~",picker,710001,106,1520-fc9193be-df85-4001-90d5-2c85e843d7d3,1609795753168.9998
0.9000000000000006,yes,human,yes,no,I tried to stick to the same colors my partner was picking~~~,picker,692693,77,6412-a19add2f-32f8-453a-a5ef-33d8851c801c,1609795767498.9998
1.0200000000000007,yes,human,yes,none,I tried to remember which color we each assigned to the words~~~,picker,774604,228,3619-5e468404-3a92-4a00-90cd-a371feac46c6,1609795767941
-0.6000000000000001,yes,human,yes,no,Was just getting ready to play,picker,175377,95,9931-cf9ad145-3e41-416f-bbcd-b94ab678bb61,1609795770196
-0.66,yes,human,yes,no,Was just getting ready to play,picker,175698,95,9931-cf9ad145-3e41-416f-bbcd-b94ab678bb61,1609795770516
-0.7200000000000002,yes,human,yes,no,Was just getting ready to play,picker,176025,95,9931-cf9ad145-3e41-416f-bbcd-b94ab678bb61,1609795770843
-0.7800000000000001,yes,human,yes,no,Was just getting ready to play,picker,176801,95,9931-cf9ad145-3e41-416f-bbcd-b94ab678bb61,1609795771619
1.0800000000000007,yes,human,yes,No~~~,"Tried to use colors repeatedly for a given word to establish a pattern~~~ My partner tried to do the same, and eventually we became fluent to each other's word/color translation~~~",picker,674496,195,0209-1ae164c6-61b6-4854-b861-a468fb28bf3c,1609795771817
-0.8400000000000004,yes,human,yes,no,Was just getting ready to play,picker,190674,95,9931-cf9ad145-3e41-416f-bbcd-b94ab678bb61,1609795785491.9998
-0.9000000000000005,yes,human,yes,no,Was just getting ready to play,picker,191793,95,9931-cf9ad145-3e41-416f-bbcd-b94ab678bb61,1609795786611
-0.9600000000000004,yes,human,yes,no,Was just getting ready to play,picker,192385,95,9931-cf9ad145-3e41-416f-bbcd-b94ab678bb61,1609795787202.9998
1.0200000000000007,yes,human,yes,no,I just tried to go with what color would commen sense match the word,picker,774757,48,3619-5e468404-3a92-4a00-90cd-a371feac46c6,1609795791341.9998
-1.0200000000000005,yes,human,yes,no,Was just getting ready to play,picker,198217,95,9931-cf9ad145-3e41-416f-bbcd-b94ab678bb61,1609795793034.9998
-1.0800000000000005,yes,human,yes,no,Was just getting ready to play,picker,198809,95,9931-cf9ad145-3e41-416f-bbcd-b94ab678bb61,1609795793631.9998
-1.1400000000000008,yes,human,yes,no,Was just getting ready to play,picker,206705,95,9931-cf9ad145-3e41-416f-bbcd-b94ab678bb61,1609795801523
-1.2000000000000006,yes,human,yes,no,Was just getting ready to play,picker,207249,95,9931-cf9ad145-3e41-416f-bbcd-b94ab678bb61,1609795802066.9998
-1.2600000000000007,yes,human,yes,no,Was just getting ready to play,picker,207793,95,9931-cf9ad145-3e41-416f-bbcd-b94ab678bb61,1609795802611
0.9000000000000006,yes,human,yes,no,I tried to keep my answers consistent the whole time in hopes my partner would start to understand them better as time went on,picker,748784,40,6412-a19add2f-32f8-453a-a5ef-33d8851c801c,1609795810691.9998
0.9000000000000006,yes,human,yes,Nope,"Try to agree on something with partner by getting it right or his getting it right, then stick to that choice for that word~~~",picker,703412,45,5322-a0757e5b-7112-4caf-a10c-d993a2e69c40,1609795834031.0002
0.8400000000000006,yes,human,yes,No problems~~~,"I tried my best to remember how we my partner labeled each word so I could match it on my turn~~~ For ones that were not clear, I tried to use my own consistent rating in hopes my partner would pick up on it~~~",picker,715231,90,5579-27a1051e-30b3-4a61-a9f3-6373ac29c70d,1609795837541.9998
0.8400000000000006,yes,human,yes,I didn't notice any problems~~~,I tried to remember the choices my partner and I made in the earlier rounds,picker,722772,172,5579-27a1051e-30b3-4a61-a9f3-6373ac29c70d,1609795837760
0.9000000000000006,yes,human,yes,None,I tried to associate certain words with certain colors~~~ I tried to make sure the word and color association were not too close to other words or colors~~~,picker,718454,146,5322-a0757e5b-7112-4caf-a10c-d993a2e69c40,1609795864364
1.2300000000000009,yes,human,yes,NA,trying to choose what they just choose and remembering everything,picker,712018,141,3023-d8184fc9-6f62-416f-830c-b1cc20904463,1609795908612
1.2300000000000009,yes,human,yes,no,Keep consistent with the other player even if I wouldn't normally pick that color,picker,720671,34,3023-d8184fc9-6f62-416f-830c-b1cc20904463,1609795918650
1.110000000000001,yes,human,yes,No~~~,I tried to figure out what the other player thought about the colors and words~~~,picker,731683,17,2748-85cffba8-2385-4b8a-865d-0bd9d5544ba8,1609795937976
1.110000000000001,yes,human,yes,no,remember what they thought and then coordinate accordingly,picker,748645,55,2748-85cffba8-2385-4b8a-865d-0bd9d5544ba8,1609795947138
1.2900000000000011,yes,human,yes,no,I initially selected colors that were the most likely to be chosen by others and then adjusted them as needed based on the responses received from the other player i~~~e~~~ I started selecting blue in order to indicate flag rather than my original selection of red~~~,picker,1225811,200,4918-aa2be12e-eaab-446b-9f83-2e8c0f256639,1609795955259.9998
0.9900000000000007,yes,human,yes,none,i tried to go with the answers my partner gave to make it easier for them~~~,picker,728396,120,1091-8a943f8e-5ad6-44a2-b6a6-8dd9ae6b059a,1609795963980.0002
0.9600000000000005,yes,program,yes,no,Just plain memory and trying to stick with the same color that was used the last time for a word until it was all worked out,picker,766148,7,4965-042794a9-4c03-41f9-8a83-8f0b0ff4eaf7,1609795975355
0.9300000000000006,yes,human,yes,No,I tried to match my hints against what they were using to build a common vocabular,picker,817219,122,2550-9670c339-deab-4842-ad0e-d59d299c0fa3,1609795993758.9998
0.9300000000000006,yes,human,yes,NA,I tried to match what my teammate perceived the color for the word to be,picker,851587,208,2550-9670c339-deab-4842-ad0e-d59d299c0fa3,1609796021198
1.0200000000000007,yes,human,yes,"No problems, thank you!","I was trying to associate the words with the closest color I felt matched, then paid attention to the associations my partner was making~~~",picker,828697,108,6302-46f30e30-1f2e-45ea-b593-625277d06163,1609796024511.0002
0.39000000000000024,yes,human,yes,None,Try and remember best  I could,picker,925320,9,9879-14a8fcc0-2814-4204-99fa-fa704f9d6134,1609796026481
-0.06,yes,human,yes,no,My partner lost their connection so I was unable to develop a stategy~~~,picker,170142,53,8784-c58ab698-26a5-40e0-82b9-8e4dfc360ae2,1609796039038.9998
0.9900000000000007,yes,human,yes,N/A,My partner and I tried to correlate a specific color and location to each word~~~,picker,811311,51,1091-8a943f8e-5ad6-44a2-b6a6-8dd9ae6b059a,1609796040396
1.2600000000000011,yes,human,yes,NA,i tried to match my beliefs with theirs to agree,picker,623720,211,8492-c91448a0-8ab7-4058-8eac-6ef33345c0a6,1609796058181.9998
1.0200000000000007,yes,human,yes,none,"Tried to memorize which colors the other person, and then use the same when it was my turn as speaker",picker,864561,180,6302-46f30e30-1f2e-45ea-b593-625277d06163,1609796058365.9998
0.9600000000000005,yes,human,yes,I didn't have any issues -- thanks!,If the word had a common color associated with it (e~~~g~~~ love and red) I tried to go with that generally~~~ If it was an odd word I tried to pick a color that my partner and I could agree on so we'd know where to go when we had that type of word again~~~,picker,847895,20,4965-042794a9-4c03-41f9-8a83-8f0b0ff4eaf7,1609796061473
1.2600000000000011,yes,human,yes,Nope!,To find out their associations and cooperate together,picker,633720,193,8492-c91448a0-8ab7-4058-8eac-6ef33345c0a6,1609796074101.9998
0.39000000000000024,yes,human,yes,nothing and  nice game,choose the color my idea,picker,970333,8,9879-14a8fcc0-2814-4204-99fa-fa704f9d6134,1609796075409.9998
1.110000000000001,yes,human,yes,No~~~,I just tried to learn their tendencies as each trial went on~~~,picker,747338,162,0828-901ae6c8-a674-42ec-9098-2f88d12bac1d,1609796076201
0.3300000000000002,yes,human,yes,nothing and  nice game,choose the color my idea,picker,976087,8,9879-14a8fcc0-2814-4204-99fa-fa704f9d6134,1609796081166
0.27000000000000024,yes,human,yes,nothing and  nice game,choose the color my idea,picker,985222,8,9879-14a8fcc0-2814-4204-99fa-fa704f9d6134,1609796090293.9995
1.110000000000001,yes,human,yes,No,I tried to use common sense and try to see the words as colors~~~,picker,756549,197,0828-901ae6c8-a674-42ec-9098-2f88d12bac1d,1609796097746.9995
0.21000000000000021,yes,human,yes,nothing and  nice game,choose the color my idea,picker,1001962,8,9879-14a8fcc0-2814-4204-99fa-fa704f9d6134,1609796107031.9998
0.15000000000000022,yes,human,yes,nothing and  nice game,choose the color my idea,picker,1002327,8,9879-14a8fcc0-2814-4204-99fa-fa704f9d6134,1609796107399.9998
1.2000000000000008,yes,human,yes,None~~~,"I tried to find initially colors I identified with the word~~~ After failing a bit, I adjusted some, and was able to communicate well~~~",picker,859430,158,1547-cb7ed02a-e09c-4eef-8c08-075bb0f061d5,1609796123601
0.09000000000000018,yes,human,yes,nothing and  nice game,choose the color my idea,picker,1018565,8,9879-14a8fcc0-2814-4204-99fa-fa704f9d6134,1609796123638
0.030000000000000193,yes,human,yes,nothing and  nice game,choose the color my idea,picker,1021374,8,9879-14a8fcc0-2814-4204-99fa-fa704f9d6134,1609796126447
-0.029999999999999805,yes,human,yes,nothing and  nice game,choose the color my idea,picker,1021607,8,9879-14a8fcc0-2814-4204-99fa-fa704f9d6134,1609796126677
0.4500000000000003,yes,human,yes,No,I tried to use the same colors every time a word was repeated,picker,752588,23,8247-5bd3ba48-2a6b-4e04-9ecd-b2227271f9fb,1609796130411.9998
0.4500000000000003,yes,human,yes,None,Based on the target,picker,752667,218,8247-5bd3ba48-2a6b-4e04-9ecd-b2227271f9fb,1609796135796
-0.08999999999999979,yes,human,yes,nothing and  nice game,choose the color my own  idea,picker,1037781,8,9879-14a8fcc0-2814-4204-99fa-fa704f9d6134,1609796142866.9998
1.2000000000000008,yes,human,yes,It was really cool and actually fun!,"I tried to learn what words the other person associated colors with and match those, even if they were slightly different than my own",picker,865792,229,1547-cb7ed02a-e09c-4eef-8c08-075bb0f061d5,1609796155130.9998
-0.14999999999999986,yes,human,yes,nothing and  nice game,choose the color my own  idea,picker,1071796,8,9879-14a8fcc0-2814-4204-99fa-fa704f9d6134,1609796176869
-0.20999999999999985,yes,human,yes,nothing and  nice game,choose the color my own  idea,picker,1100064,8,9879-14a8fcc0-2814-4204-99fa-fa704f9d6134,1609796205149.9998
-0.26999999999999985,yes,human,yes,nothing and  nice game,choose the color my own  idea,picker,1100317,8,9879-14a8fcc0-2814-4204-99fa-fa704f9d6134,1609796205391.9998
-0.32999999999999985,yes,human,yes,nothing and  nice game,choose the color my own  idea,picker,1100579,8,9879-14a8fcc0-2814-4204-99fa-fa704f9d6134,1609796205651.9998
-0.38999999999999985,yes,human,yes,nothing and  nice game,choose the color my own  idea,picker,1102072,8,9879-14a8fcc0-2814-4204-99fa-fa704f9d6134,1609796207143.9995
1.2000000000000008,yes,human,yes,No,Memorizing how we each understood our word/color associations and playing off of those to convey the correct association,picker,815565,159,0455-2cd13077-5295-4bf0-8f95-b5c36c2c3976,1609796214050.9998
0.7800000000000005,yes,program,yes,none,"I picked the same colors each time for my partner, but they did not, that is why i thought they were not human~~~",picker,788517,3,0076-f15d7378-5ac6-499e-932c-6ab0d02eae7d,1609796218438.9995
1.140000000000001,yes,human,yes,none,trying to remember what color my partner chose for the target word which wasn't hard,picker,900656,92,1104-07683781-6a16-4973-9773-8c43d479b58c,1609796224573.9998
1.2000000000000008,yes,human,yes,no,Remember what the other person is using and try to copy that~~~,picker,822193,224,0455-2cd13077-5295-4bf0-8f95-b5c36c2c3976,1609796236391.9998
1.140000000000001,yes,human,yes,It functioned perfectly for me~~~,"I started by making natural assumptions (lobster=red,, ocean=blue, etc)~~~ THen I tried to see what my partners answers were and every time we matched, I made note of the color and tried to stay consistent after that point~~~",picker,940743,67,1104-07683781-6a16-4973-9773-8c43d479b58c,1609796262884.9998
1.140000000000001,yes,human,yes,none,Learning the colors,picker,758414,88,3847-633c1733-0742-45a4-8948-87fe0e2a7076,1609796264351
0.7800000000000005,yes,human,yes,not bad its good i like this survey,"its good, i like this experiement",picker,840506,161,0076-f15d7378-5ac6-499e-932c-6ab0d02eae7d,1609796272042.9998
1.3200000000000012,yes,human,yes,n/a,To match up with the other person and their thoughts~~~,picker,598889,132,5293-c5561af9-cc34-4ade-a466-96c5a537b3e3,1609796286738.9998
0.9900000000000007,yes,human,yes,No problems or comments~~~,I made sure to keep an eye on what the other person's color association were and then I would conform to them so that we could both succeed~~~,picker,954498,213,0260-f65d2152-e570-4ba0-bbee-bcd7646b3307,1609796326986
0.9600000000000005,yes,program,yes,no,to remember what colors were what word~~~ Memorization,picker,867181,145,3873-e08a42d2-e2fb-4065-9707-66ec64159d7d,1609796329943
1.3200000000000012,yes,human,yes,"No, but thank you~~~","I did try to choose colors that were very different from each other, and I tried to make sure I remained very consistent~~~",picker,648787,104,5293-c5561af9-cc34-4ade-a466-96c5a537b3e3,1609796331173.9998
1.140000000000001,yes,human,yes,"No, I had no issues~~~ It ran very smoothly","I did my best to remember what they were choosing, and when I couldn't I tried to establish a consistent pattern myself",picker,827072,46,3847-633c1733-0742-45a4-8948-87fe0e2a7076,1609796335999.9998
0.9900000000000007,yes,human,yes,NA,Trying to sync with the other person so we came to an agreement on the right colors~~~,picker,969641,71,0260-f65d2152-e570-4ba0-bbee-bcd7646b3307,1609796343111.9998
1.2300000000000009,no,human,yes,No issues~~~,I tried to learn how they are sending colors to me and tried to remember it for the next round~~~,picker,884822,110,6678-d23b7492-b44a-4bd5-895d-25cbaf90a11b,1609796364387
0.9600000000000005,yes,human,yes,no,My strategy was to try and choose colors that my partner would find easy to associate with the words we were given and to try and remember how they chose certain colors for words~~~,picker,928334,84,3873-e08a42d2-e2fb-4065-9707-66ec64159d7d,1609796383370.9998
1.170000000000001,yes,human,yes,No~~~,Choose the colors that I personally associated with the words and if my partner didn't agree then I would change the color I selected based on the color they chose for that word when they were the speaker~~~,picker,748474,68,6967-0e93ece0-8a78-451b-b84c-87b684abc258,1609796395120.9998
1.170000000000001,yes,human,yes,No issues~~~,"My strategy was selecting the color that I felt was accurate and then seeing if my partner had a similar pick~~~ If we were close, but different, I tried to match what we both gravitated toward~~~",picker,733744,134,6967-0e93ece0-8a78-451b-b84c-87b684abc258,1609796408671
1.2300000000000009,yes,human,yes,No problems at all~~~ I had fun!,I saw what colors my partner associated with the words and used those colors to get them to guess correctly even if I would have used a different color personally~~~,picker,934965,153,6678-d23b7492-b44a-4bd5-895d-25cbaf90a11b,1609796425711
0.8700000000000007,yes,human,yes,No,"I tried to consistently chose the same color for the same word every time, hoping that the other player would remember it~~~",picker,888538,117,2321-745a7756-f92f-4780-8714-27ec926a37b2,1609796445192.9998
0.8700000000000007,yes,human,yes,No problems noted with experiment~~~,The strategy was to use history of prior trials and build a rhythm with my partner using experience to become more successful~~~,picker,927836,164,2321-745a7756-f92f-4780-8714-27ec926a37b2,1609796451588
1.170000000000001,yes,human,yes,Nope~~~ Thanks~~~,I tried to cater to my partner's choices,picker,703726,57,3707-a3d57826-b4eb-4a5a-b459-4d6dfe0485ed,1609796456731
0.8700000000000007,yes,human,yes,NA,NA,picker,682969,118,9996-89de36d5-a109-4caf-a5a1-cd571c9edb26,1609796481690
0.7200000000000004,yes,program,yes,No,I tried to stay consistent with choosing my colors and I tried to remember what my partner chose~~~,picker,775664,142,3531-1e613918-b762-4107-a3a3-887f1a7660e4,1609796512883.9998
1.170000000000001,yes,human,yes,This experiment was really fun and interesting~~~,I went with a color that is most representative of the word that most people would pick~~~ There were a few words in which we had to work out what color we would be using~~~,picker,770715,10,3707-a3d57826-b4eb-4a5a-b459-4d6dfe0485ed,1609796521617
0.7200000000000004,yes,human,yes,Need more color options~~~,I did not have one~~~ I just tried to match up the options based on what he chose~~~ (Becoming like him)~~~,picker,793689,174,3531-1e613918-b762-4107-a3a3-887f1a7660e4,1609796537386.9998
0.8700000000000007,yes,human,yes,NA,"First I tried to keep colors constant, Then when words were harder I tried pointing to certain areas of the colors instead of the constant~~~",picker,748115,16,9996-89de36d5-a109-4caf-a5a1-cd571c9edb26,1609796542024.9998
1.140000000000001,yes,human,yes,This was a very fun and interesting study~~~,"Once i learned how my partner defined their color-word associations it was easy to ""be on the same page"" with them and their color selections~~~",picker,789013,221,6702-1e5eafec-82d7-4f5e-a73b-87c68c3dd12b,1609796574539
0.9600000000000005,yes,human,yes,No~~~,I tried to be consistent in my own choices and to remember what my partner had chosen in the past~~~,picker,742372,99,4694-47f61996-8680-4cd6-af88-b87aabc073e8,1609796582187.9998
1.110000000000001,yes,human,yes,no,just went with my gut,picker,808145,11,1067-0b86b192-dc13-48d8-9725-b8a37d62fac3,1609796607552.9998
1.110000000000001,yes,human,yes,None at all~~~,"I just went with what colors would make the most sense~~~  After a while, my partner and I kind of developed a sense for what colors represented the more obscure words~~~",picker,808459,227,1067-0b86b192-dc13-48d8-9725-b8a37d62fac3,1609796607644.9998
1.140000000000001,yes,human,yes,no,Try to line up with my partner to guess the same answers~~~,picker,823603,212,6702-1e5eafec-82d7-4f5e-a73b-87c68c3dd12b,1609796610465.9998
0.6900000000000004,yes,program,NA,NO,CHOICE,picker,869168,123,7757-c5a94302-a4b1-4910-b807-e16666524508,1609796626678
1.2900000000000011,yes,human,yes,NA,Try to get on the same page as the other person and stick to what is established~~~,picker,769857,199,5297-962582dd-8978-4f53-b859-be3a680673ab,1609796627050.9998
0.9600000000000005,yes,program,yes,I didn't notice any problems~~~ Everything worked as expected and the instructions were very clear~~~,"I tried to communicate my color options by being as consistent as possible, and I paid attention to the color options of my partner~~~",picker,786991,160,4694-47f61996-8680-4cd6-af88-b87aabc073e8,1609796628814.9998
0.9900000000000007,yes,human,yes,No,Tried to stay with the same color for words,picker,775994,186,4266-19b8dde5-546a-4f6f-b977-fc360c0a8c51,1609796647230.9998
0.36000000000000015,yes,program,yes,No,I relied only on my memory and focus~~~,picker,851318,181,7916-2cb15afd-0f17-4a6e-ac9f-c80896e5004b,1609796653041.9995
0.9900000000000007,yes,program,yes,nope,"associate words with the color and location, for example heaven was at the top and whitest~~~  hate was at the bottom and red~~~",picker,797315,230,4266-19b8dde5-546a-4f6f-b977-fc360c0a8c51,1609796668817.9998
1.2900000000000011,yes,human,yes,"No problems at at all~~~
MTURK ID: A2VAL2BRKVSUB5","I tried to think of the color that was associated with the word, and then I remembered what colors my partner and I were using for the different words~~~",picker,820820,109,5297-962582dd-8978-4f53-b859-be3a680673ab,1609796675877.9998
0.6900000000000004,yes,human,yes,"No problems, except at my age my memory isn't the best~~~",I tried to remember what the opposite had said the last time and tried to put that color in~~~,picker,916028,182,7757-c5a94302-a4b1-4910-b807-e16666524508,1609796676001.9998
1.2600000000000011,yes,human,yes,NA,Try to associate colors to words,picker,810936,101,1095-83b03ae6-9822-435b-96be-5864bb6e0a5b,1609796687926.9995
1.140000000000001,yes,human,yes,"No problems, this was super fun and I really enjoyed this experiment",memorizing the colors they chose for the words when I got it wrong so we could figure out what colors to use with what words then having those stay that color~~~,picker,1053951,62,6392-2336e82b-dd34-45c1-94e6-985c9c05f5b9,1609796700083.9998
1.170000000000001,yes,human,yes,No~~~,I tried to pick the same colors that my partner picked~~~,picker,706314,220,3444-b7462262-a49f-4e9c-a3ee-739b46866723,1609796720396.9998
1.0800000000000007,yes,human,yes,none,I just tried to adapt my colors to my partner's choices but sometimes I messed up~~~,picker,958197,206,6539-2f4e2f44-a765-4d6c-8df7-18788ace0e89,1609796728321.9998
1.170000000000001,yes,human,yes,No I didn't~~~,Choosing the shade I thought best matched the words~~~,picker,730403,44,3444-b7462262-a49f-4e9c-a3ee-739b46866723,1609796730226
1.0800000000000007,yes,program,yes,no problems,"I went first as speaker  so I used my colors and watched what my ""partner"" selected throughout to try and match when I was listener",picker,1033747,155,9255-60bbf0b8-9545-4261-b587-d830636a5291,1609796732831
0.36000000000000015,yes,human,yes,No~~~,My strategy was that I tried to match certain words that were repeated to certain colors and then picked such words when they reappeared~~~,picker,928816,183,7916-2cb15afd-0f17-4a6e-ac9f-c80896e5004b,1609796736464.9998
1.0200000000000007,yes,human,yes,none,I just tried to adapt my colors to my partner's choices but sometimes I messed up~~~,picker,969512,206,6539-2f4e2f44-a765-4d6c-8df7-18788ace0e89,1609796739630
0.9600000000000005,yes,human,yes,none,Follow other Mturker color code,picker,825769,111,2343-e6d63734-e340-4cb7-aaf6-63af9b46a441,1609796742479.9998
0.9600000000000005,yes,human,yes,none,I just tried to adapt my colors to my partner's choices but sometimes I messed up~~~,picker,985956,206,6539-2f4e2f44-a765-4d6c-8df7-18788ace0e89,1609796756090.9998
0.9000000000000006,yes,human,yes,none,I just tried to adapt my colors to my partner's choices but sometimes I messed up~~~,picker,986362,206,6539-2f4e2f44-a765-4d6c-8df7-18788ace0e89,1609796756480.9998
0.8400000000000006,yes,human,yes,none,I just tried to adapt my colors to my partner's choices but sometimes I messed up~~~,picker,986634,206,6539-2f4e2f44-a765-4d6c-8df7-18788ace0e89,1609796756753.9998
0.9600000000000005,yes,human,yes,NA,I tried to keep in mind what my partner was choosing in response to the word choices~~~,picker,840628,176,2343-e6d63734-e340-4cb7-aaf6-63af9b46a441,1609796756850.9998
1.0800000000000007,yes,human,yes,I didn’t have any problems with the survey either technically or in understanding the questions~~~  Good job -- it was well done~~~  Thank you for the opportunity~~~,I just tried to be consistent and follow the repeated colors as they were associated with the words~~~,picker,1008881,37,6539-2f4e2f44-a765-4d6c-8df7-18788ace0e89,1609796777399.9998
1.110000000000001,yes,program,yes,no~~~,I remembered all the associations between colors and things~~~,picker,868202,1,0852-87750e59-a7d8-4b00-bc34-59e663daf24a,1609796784391
0.09,yes,human,yes,"The only problem seemed to be that my partner unfortunately lost their connection~~~  Other than that, I was having a lot of fun participating~~~ Thank You~~~","First, I tried to pick words that I most associated with the color my partner chose, but then I adjusted my choices based on what colors they actually chose to represent the words~~~ When it was my turn to pick colors based on the words, I chose colors that make most sense to me, but I also took into consideration my partner's choices in the previous round~~~",speaker,534624,19,4468-4a9d500a-7cfd-4b00-aa82-c706456845fd,1609796792026.9995
1.2600000000000011,yes,human,yes,This was really interesting and fun!,"During the first trial, I tried to remember what my partner associated each word with a specific color~~~ We made a few mistakes during each of our turns as speaker/listener but then we became accustomed to each other~~~",picker,919766,70,1095-83b03ae6-9822-435b-96be-5864bb6e0a5b,1609796804993
1.0800000000000007,yes,human,yes,No,"I tried to identify colors that matched the natural state of the target (e~~~g~~~, shoes can be brown) or were metaphors for the target (dark gray as mysterious)~~~ Where there was no obvious way to connect to a target, I tried to pick something that would not evoke another of the word options~~~ I also tried to mimic my partner where I found his/her choices logical~~~",picker,1068786,72,9255-60bbf0b8-9545-4261-b587-d830636a5291,1609796805261
0.9600000000000005,yes,human,yes,nope,"I tried to follow along with what colors the other person was using~~~ We seemed to have difficulty with fork and belt~~~ At one point I tried to suggest brown for belt, but that didn't seem to work~~~",picker,948275,59,3961-21f5e5f8-57b1-4c1c-9ae0-a87b0b99b5fe,1609796838716
1.140000000000001,yes,human,yes,No issues for me~~~,After the first round I tried to remember our consistent colors for words~~~ I switched to their toilet color because it was more distinct~~~,picker,835166,36,3968-ca593188-0e5b-4cb7-a659-908975109b61,1609796849658.9998
1.0800000000000007,yes,human,yes,"None, thank you~~~",I tried to remember what the other person selected the previous times as their answer~~~,picker,891936,209,2268-fda92ae1-369a-4af8-8a0c-35485d7150ed,1609796852056.9995
1.140000000000001,yes,human,yes,No issues~~~,I tried to communicate with the other player by being consistent and also learn which words he or she associated with the colors~~~,picker,844394,54,3968-ca593188-0e5b-4cb7-a659-908975109b61,1609796867244.9998
1.3200000000000012,yes,human,yes,"This was fun, thank you!",I tried to find common sense common ground with my partner~~~,picker,915192,231,9664-d530c0a8-9f03-4227-ac64-b5787bd71b04,1609796894202.9998
1.3200000000000012,yes,human,yes,No problems~~~,"The best strategy was to try to remember the colors my partner associated with the word, and to consistently chose the same colors~~~",picker,904736,194,9664-d530c0a8-9f03-4227-ac64-b5787bd71b04,1609796897628.9995
1.2600000000000011,yes,human,yes,no,Established agreed colors of each word after few trials,picker,827767,114,4456-0a87ed17-e13b-491c-b98c-28b3ec7880e5,1609796906395
1.0800000000000007,yes,human,yes,None,i just simply remembered my partner color choices~~~,picker,931208,39,2268-fda92ae1-369a-4af8-8a0c-35485d7150ed,1609796907611
1.0500000000000007,yes,program,NA,none,"Just tried to pick the color I thought an item would be, as far emotions what color represented that emotion best~~~",picker,1143061,169,7572-96f0a048-2d84-411c-a74b-97f6f863aa34,1609796911291.9998
1.110000000000001,yes,human,yes,"I don't really associate some words with colors, I did my best to guess on those, but my answers on those probably were different between the beginning and end of the survey because I've got no real strong color associations for some words~~~","I tried to reach a consensus with my partner about which colors meant which things~~~  I noted which words they selected when I chose different colors, and also noted what colors they selected that seemed to go with different words that I chose, and tried to remember their previous choices when I chose colors for the next round and then also when I chose words to go with their colors in the round after that~~~",picker,1007606,22,0852-87750e59-a7d8-4b00-bc34-59e663daf24a,1609796916056
1.0500000000000007,yes,program,yes,None whatsoever,I choose colors that I am already familiar with in terms of the words it brings to my mind~~~,picker,1156523,139,7572-96f0a048-2d84-411c-a74b-97f6f863aa34,1609796922833
0.4500000000000003,yes,program,yes,no,"I tried to keep my asociations to feelings, and if I say other person continually picking same color for something I tried to learn that~~~",picker,1026758,190,1529-1e07c72c-8298-4b73-a868-cba4ed632a45,1609796927723.9998
1.2600000000000011,yes,human,yes,no,Try to learn from mistakes and continue with known correct anwers,picker,913148,93,4456-0a87ed17-e13b-491c-b98c-28b3ec7880e5,1609796939629
0.9600000000000005,yes,human,yes,I don't associate many/most of these words with colors~~~ I was expecting that I would; when I didn't that made things harder~~~,"Strategy? Nothing really~~~ I suppose I was hoping we'd both use the same colors for the same idea (since many were not tangible objects, which made things hard) over and over, but that's about it~~~",picker,1058762,41,3961-21f5e5f8-57b1-4c1c-9ae0-a87b0b99b5fe,1609796945828
1.110000000000001,yes,human,yes,NA,"Try to understand and remember what the other player associated with each color, then compromise by testing to see how they reacted to the same the next round~~~",picker,749244,147,5180-8f6bffd9-7314-4bee-920d-2d660cb830d3,1609796982801
0.4500000000000003,yes,program,yes,NA,I did based on what i picekd,picker,1096950,171,1529-1e07c72c-8298-4b73-a868-cba4ed632a45,1609796994086
1.140000000000001,yes,human,yes,No,"My strategy was to use the colors I associated with the words at the beginning, and establish them early on as the speaker~~~ When there was confusion I used the concepts my partner as trying to establish~~~",picker,1392896,94,6392-2336e82b-dd34-45c1-94e6-985c9c05f5b9,1609797004240
1.110000000000001,yes,human,yes,No I had no issues~~~,I tried to remember what the other person chose and go with that~~~  I accepted that color for that word and pictured it~~~,picker,831527,60,5180-8f6bffd9-7314-4bee-920d-2d660cb830d3,1609797028169
0.9000000000000006,yes,human,yes,no,associate the same color with the same word throughout,picker,948576,25,5200-ebfb430c-6b2f-4a0d-a69d-bb376ef7e26a,1609797038839
0.6300000000000003,yes,human,yes,no,Just tried to pick the colors that matched the best,picker,870607,149,0031-af897ba3-1b87-47bd-9b87-ae15131ee942,1609797056890
0.9000000000000006,yes,human,yes,no,I tried to remember the other colors and answers as they were chosen and linked~~~,picker,957380,173,5200-ebfb430c-6b2f-4a0d-a69d-bb376ef7e26a,1609797060139
1.170000000000001,yes,human,yes,"some colors were too similar to each other, perhaps shapes might work better",remembering colors based on what it represents,picker,947683,115,1605-c817ea98-e516-419d-918a-66fd62737fd0,1609797089666
0.6300000000000003,yes,program,yes,No~~~,I tried to remember the colors that were repeated for the words~~~,picker,942428,69,0031-af897ba3-1b87-47bd-9b87-ae15131ee942,1609797127108
1.170000000000001,yes,human,yes,No,"When I was the speaker, I chose the color that most reminded me of the target~~~ When I was the listener, I chose the target word that most matched the color chosen by the speaker~~~",picker,1029845,76,1605-c817ea98-e516-419d-918a-66fd62737fd0,1609797151254
1.2000000000000008,yes,program,yes,no,I tried to remember the associations made by the other player,picker,797258,96,1618-5fd7c5fc-2471-4c95-b778-b155fe14cacd,1609797238420
1.2600000000000011,yes,human,yes,no,following my own thoughts~~~,picker,1321015,107,9300-dddfe5a7-8f71-4a3c-98bd-f8e3c1931e6b,1609797262188.9998
1.2600000000000011,yes,human,yes,no,Figure out what the other person thought each color should be~~~,picker,670706,52,3220-3dc02070-1c20-423f-92ab-56dc7b2bdf51,1609797263458
0.5100000000000002,yes,human,yes,NA,I tried to pick answers based on what the other person had chosen before me so we could communicate and match answers~~~,picker,905163,128,7600-c15a59bb-a7f5-4dc3-a7e6-adadd8b4ac36,1609797273064.9998
1.170000000000001,yes,human,yes,no,see what they picked and then try to be like them next time around,picker,984205,63,0455-820069b3-4743-4ced-ad03-d1a8a0d5c949,1609797278439.9998
1.2600000000000011,yes,human,yes,N/A,"Try to associate every word with one single color so we learn off each other~~~ After a couple rounds, you start to notice speaker is picking same color for the word~~~ So when I was speaker I would do the same so we got most correct~~~",picker,701339,38,3220-3dc02070-1c20-423f-92ab-56dc7b2bdf51,1609797285085.9998
0.5100000000000002,yes,human,yes,none,identify the color previously used by the same word,picker,934481,202,7600-c15a59bb-a7f5-4dc3-a7e6-adadd8b4ac36,1609797286668.9998
0.9000000000000006,yes,program,yes,none,I just picked the color that I thought went with the words~~~,picker,1125692,215,8896-d68ecd1c-69ca-424f-9c09-e29e7a7baf69,1609797288093.9998
1.2000000000000008,no,human,yes,"no, it was fun and I truly enjoyed it",I tried to remember what the other person associated with a word and use the same one~~~,picker,941790,14,1618-5fd7c5fc-2471-4c95-b778-b155fe14cacd,1609797315032.9998
1.0500000000000007,yes,human,yes,no problems,I just tried to go with what made the most sense to me,picker,749371,86,5655-344f3ded-92f3-4d60-b4d8-8229ba2b1fbb,1609797344311
0.9900000000000007,yes,human,yes,Not that I saw~~~,I tried to choose the same colors for each thing and then tried to choose the same colors my partner chose so that we'd match up~~~,picker,921828,222,9410-1fd053c6-6249-4044-9df6-d5237ee7ca62,1609797366308
1.170000000000001,yes,human,yes,none,"As a speaker, I tried to find colors that I thought most people would associate with the word~~~ As the experiment went on, it felt more collaborative trying to figure out what each of us was picking and remembering those selections~~~",picker,1110536,56,0455-820069b3-4743-4ced-ad03-d1a8a0d5c949,1609797368655
1.2600000000000011,yes,human,yes,It was difficult to make a difference between moose and kangaroo which are both brown,I kept trying to use and think of the same colors each round~~~ There were a couple that were easy to differentiate like toilet having blue water being unique among the other objects~~~,picker,1474587,157,9300-dddfe5a7-8f71-4a3c-98bd-f8e3c1931e6b,1609797399826
0.9000000000000006,yes,human,yes,no,Guessed the color with the words~~~,picker,1248293,225,8896-d68ecd1c-69ca-424f-9c09-e29e7a7baf69,1609797412810
0.9900000000000007,yes,human,yes,none,"I tried to remember what the other person answered, especially for the oddball ones like complexity and responsibility~~~ I tried to use the same colors they did for all of them~~~",picker,935532,105,9410-1fd053c6-6249-4044-9df6-d5237ee7ca62,1609797419486
1.0500000000000007,yes,human,yes,None,"I tried to remember what color my partner used for each word~~~ If I forgot, then I tried to use bold colors for the forgotten words, like ""stomach~~~""",picker,831901,198,5655-344f3ded-92f3-4d60-b4d8-8229ba2b1fbb,1609797430806.0002
0.9600000000000005,yes,human,yes,No~~~,I tried to select the color or word that was most likely to give me a bonus~~~,picker,910042,97,0155-179a648f-d1dc-4f02-b110-80954a53de2f,1609797490991
0.9600000000000005,yes,human,yes,No,I was using the similar colors as clues used by my partner,picker,1072533,232,0155-179a648f-d1dc-4f02-b110-80954a53de2f,1609797578479
0.9000000000000006,yes,human,yes,No,I was using the similar colors as clues used by my partner,picker,1149261,232,0155-179a648f-d1dc-4f02-b110-80954a53de2f,1609797655208.9998
1.2000000000000008,yes,human,yes,"It is difficult to apply colors to concepts such as ""oddity"" and ""ego"" because everyone perceives them differently~~~ Either way, I had fun playing and would look forward to playing something similar again~~~ Thank you for the opportunity!","Since I was the listener first, I tried to match my color choices to my partner so that it would be easier to communicate the target word~~~ This bit me a few times, (especially with ""oddity"" and ""randomness""), but it worked fairly well overall~~~",picker,923088,66,3018-17b2f259-6a25-49f7-8be5-e70891aab528,1609797680386
0.9600000000000005,yes,human,yes,"No, I saw no problems!",I initially gave my answers as I saw fit and then I started to try and make sure that I chose colors that matched what I thought the other person would understand and/or select~~~,picker,790222,207,7607-506bf1e3-c392-40c6-9246-674da6001077,1609797684206.9998
0.9600000000000005,yes,human,yes,no,Try to remember what my partner chose for certain words~~~,picker,780778,89,7607-506bf1e3-c392-40c6-9246-674da6001077,1609797698292.9998
0.8400000000000006,yes,human,yes,No,I was using the similar colors as clues used by my partner,picker,1269684,232,0155-179a648f-d1dc-4f02-b110-80954a53de2f,1609797775630
1.3200000000000012,yes,human,yes,No,I tried to match up my color choices to my partner's so we'd be on the same page about what each color meant~~~,picker,868274,129,2971-f73191f5-94b7-4a95-9c03-e71c70cee4ae,1609797799763.9998
1.3200000000000012,yes,human,yes,No problems~~~,Memorize previous rounds to help understand which color represents what~~~,picker,849172,223,2971-f73191f5-94b7-4a95-9c03-e71c70cee4ae,1609797799858.9998
0.7500000000000004,yes,human,yes,NA,Try to remember what the other person typically responded with for different words,picker,827087,29,1411-dac6fa8a-951f-4940-b045-f5ff89c147e3,1609797865287
0.7500000000000004,yes,human,yes,no,try to remember what we picked,picker,851183,148,1411-dac6fa8a-951f-4940-b045-f5ff89c147e3,1609797890211.9998
-0.06,yes,human,yes,no problems,I thought of a color that I thought would fit the word~~~,picker,227746,121,1906-207316da-1b67-4605-95dc-fbf6c4870da3,1609798052335.9998
0.39000000000000024,yes,human,yes,NA,NA,picker,1222178,113,0857-394ecf5c-3093-493c-8337-109ab32db4c8,1609798062250
1.2000000000000008,yes,human,yes,No~~~,"When I was the speaker, I tried to choose the color that I thought most closely resembled the word so that my partner would have a good chance of choosing the correct word~~~
 When I was the listener, I tried to choose the word that I thought most resembled the color~~~ If I was unsure, I would try to remember which color my partner associated with the which word~~~",picker,1477033,47,3018-17b2f259-6a25-49f7-8be5-e70891aab528,1609798203836
1.0500000000000007,yes,human,yes,No I did not~~~,I tried to guess the correct answer and provide logical guesses~~~,picker,998769,177,5081-f39e7124-f2b6-45b6-b473-8d399de04aa1,1609798230478.9998
0.39000000000000024,yes,human,yes,NA,"At first I tried to choose the color I associated each item with, grapes were purple, crabs were red etc~~~ The more abstract ideas I assigned to colors I thought were synonymous or associated with the ideas~~~ (ex~~~ fear was yellow or urge was green for go)~~~ When that strategy didn't work I tried to base my choices on color off the other player's colors they had chose as speaker and listener~~~",picker,1450588,203,0857-394ecf5c-3093-493c-8337-109ab32db4c8,1609798239104.9998
1.0500000000000007,yes,human,yes,I was not able to complete the HIT before it expired on the Mturk page~~~  Can you increased the completion time to at least 60 minutes if you post it in the future~~~,I tried to associate words with the color that most reminded me of the emotion~~~,picker,1227989,156,5081-f39e7124-f2b6-45b6-b473-8d399de04aa1,1609798311569.9998
0.9000000000000006,yes,human,yes,none,learn the color combination,picker,870718,30,9865-1c60a0b4-8d64-4984-9ffc-8dda215b03da,1609798332641
1.2900000000000011,yes,human,yes,no,pay attention,picker,826153,100,0890-0557ce1a-55cd-4844-85db-01339e98d9b2,1609798334058
0.9000000000000006,yes,human,yes,No,Tried to understand and incorporate what the other person was thinking,picker,926454,32,9865-1c60a0b4-8d64-4984-9ffc-8dda215b03da,1609798359369.9998
0.6900000000000004,yes,program,yes,no,"chose the ""sense"" of a color",picker,925466,116,1398-3adbfa88-a5b6-4f43-a6a4-54612662ef5f,1609798420980
1.2900000000000011,yes,human,yes,None~~~,"I tried to mimic what the other person chose, and tried to pick a color that was most easily identifiable with each word~~~",picker,809855,192,0890-0557ce1a-55cd-4844-85db-01339e98d9b2,1609798423550
0.6900000000000004,yes,human,yes,NA,I adapted some of my word color associations if my partner used a color that made more sense but at the end things seemed to fall appart,picker,960457,6,1398-3adbfa88-a5b6-4f43-a6a4-54612662ef5f,1609798463650
0.7200000000000004,yes,human,yes,no,Trying to pick up on what the other person was thinking it almost feels like your psychically communicating in a way because you pick up on what each other is trying to mean with each color~~~,picker,784690,196,6021-bdba1ac4-ed1a-489e-802b-81ee69d95ccb,1609798673649.9998
0.9900000000000007,yes,human,yes,No problems,I tried to pick words that I thought the person I was playing with could easily guess the meaning~~~,picker,822210,166,8613-9d81e034-fddc-430b-ab52-aac8a05a3a4c,1609798683596.9998
1.2300000000000009,yes,human,yes,NA,I tried to mirror what the other person was doing and use common concepts~~~,picker,639200,15,0868-f89fd932-7303-49ef-ab76-b2abdd49e269,1609798689828
0.9000000000000006,yes,human,yes,NA,"The other player would, after repeated attempts, would establish what each word meant and what color it corresponds to",picker,656100,65,6650-02f8cf48-ad16-41a7-a440-e93b7f4e53c8,1609798697151.9995
0.9900000000000007,yes,human,yes,No problems,My strategy was to mimic the other player so we would associate colors to words the same~~~,picker,818879,4,8613-9d81e034-fddc-430b-ab52-aac8a05a3a4c,1609798697297.9995
0.7200000000000004,yes,human,yes,It was fun,More trying to learn how the other person would respond to colors rather than putting what I personally thought was the correct color~~~,picker,814101,21,6021-bdba1ac4-ed1a-489e-802b-81ee69d95ccb,1609798709585
1.3500000000000012,yes,human,yes,no,I tried to choose the same colors for each word,picker,735131,133,4904-aad07281-3c2b-4e1a-8a15-64a5f179edee,1609798710702.9998
1.3500000000000012,yes,human,yes,Nope~~~ this was awesome~~~,We definitely let me lead since I was first then essentially copied each-other all the way to the end~~~ I believe we only missed one~~~ I tried to pick words that looked exactly like the color~~~,picker,771305,49,4904-aad07281-3c2b-4e1a-8a15-64a5f179edee,1609798711123.9998
0.9000000000000006,yes,program,yes,NA,"I tried to use the same colors for the same words, but I couldn't always remember which ones I had chosen earlier",picker,675688,35,6650-02f8cf48-ad16-41a7-a440-e93b7f4e53c8,1609798718903.9998
1.2300000000000009,yes,human,yes,No,"When I was the speaker, I tried to choose colors more commonly associated with the items~~~ As a listener, we developed an understanding as to which colors stood for certain items~~~",picker,683676,219,0868-f89fd932-7303-49ef-ab76-b2abdd49e269,1609798730551.9998
1.170000000000001,yes,program,yes,none,Try to be consistent,picker,721767,204,8224-c59cf43c-e140-416b-b1a9-88d4e516c7e4,1609798737067.9998
-0.06,yes,human,yes,"I am disappointed that I can't finish out this game as it looks like a lot of fun, and likely now I will miss out on any bonuses :(",To choose the color closely associated with the chosen word so that my partner would understand which word to pick,picker,186764,13,9608-ff241c09-39e2-4ac7-b219-9fb55f59c072,1609798744616
1.2000000000000008,no,human,yes,The game was very fun and interactive~~~,I based my color choices and hints based on the correct color association to the words in the earlier rounds~~~,picker,767909,163,0957-40540dec-96cf-4957-bac0-6374f4c4cd5b,1609798745974.9998
1.0200000000000007,yes,human,yes,No,I tried to recall previous responses~~~,picker,695198,201,4454-786826c5-a0c9-4de4-b9e6-93f627559514,1609798750048.9998
1.2000000000000008,yes,human,yes,None~~~,It seemed we both saw words similarly~~~,picker,768485,24,0957-40540dec-96cf-4957-bac0-6374f4c4cd5b,1609798757667.9998
0.9300000000000006,yes,program,yes,No problems~~~,I tried to remember what the other player chose when it was incorrect from my guess or my clue and use that for them the next time the word or color appeared~~~,picker,739156,127,9958-7fd7b9fd-f8f2-407a-a4bd-1fdb3c78dbeb,1609798765898.9998
1.0200000000000007,yes,human,yes,No~~~ Everything worked great!,My strategy was memorization~~~ I also tried to imagine which one I would pick in the situation~~~,picker,706975,210,4454-786826c5-a0c9-4de4-b9e6-93f627559514,1609798767388.9998
1.170000000000001,yes,program,yes,NA,"Trying to go forward with the first color that popped up in my head~~~ Then, learning which colors the other person was associating to get a ""secret language"" going~~~",picker,757458,26,8224-c59cf43c-e140-416b-b1a9-88d4e516c7e4,1609798768823.9998
1.0800000000000007,yes,program,yes,None,"I tried to pick a color that would make sense to associate with the word, like blue for a blue sky for freedom~~~",picker,789392,178,3227-7ac94929-8a56-48bf-8b4f-a65c07e3cef7,1609798807956.9998
0.9300000000000006,yes,human,yes,N/A,I just tried to go with what would make sense,picker,787113,217,9958-7fd7b9fd-f8f2-407a-a4bd-1fdb3c78dbeb,1609798821922
0.4800000000000003,yes,program,yes,N/A,Just guessed what i thought the other person would choose~~~,picker,734883,152,0788-f8fe2364-ccbc-4c2d-bc32-1cccb1186d64,1609798834573
0.4800000000000003,yes,program,yes,same color meant different things,match color,picker,745434,151,0788-f8fe2364-ccbc-4c2d-bc32-1cccb1186d64,1609798834631.0002
1.0800000000000007,yes,human,yes,none,Correlation between words and colors,picker,834356,130,3227-7ac94929-8a56-48bf-8b4f-a65c07e3cef7,1609798853814.9998
0.8400000000000006,yes,human,yes,"No, but it was fun so thanks!",I tried to remember what colors they used for rounds~~~,picker,707649,185,4438-20c7ec35-bed4-4461-988b-90aef5031045,1609798855929.9998
1.2600000000000011,yes,human,yes,No,"Find a common, intuitive color for each word",picker,728169,125,1501-41d0e1d6-9fe5-442c-af84-e9121cb68701,1609798871389
0.8400000000000006,yes,human,yes,No issues~~~,I tried to find some consistency in my answers and those of my partner and adjust accordingly~~~,picker,724368,216,4438-20c7ec35-bed4-4461-988b-90aef5031045,1609798875857
1.3500000000000012,yes,human,yes,NA,Just follow how the other chose for certain and copy them,picker,813207,191,4988-9cdbd061-d61a-47b8-846a-bbe15cdc396e,1609798902093.9998
0.8100000000000006,yes,human,yes,no,I tried to remember what the other person chose as the color for each word,picker,864222,28,1809-1c35c31e-3124-4b30-ad52-72d41a061a3a,1609798902213
1.2600000000000011,yes,human,yes,n/a,I tried to pick what my partner woould see without getting mixed up with similar optons~~~,picker,794141,83,1501-41d0e1d6-9fe5-442c-af84-e9121cb68701,1609798906054
0.8100000000000006,yes,human,yes,No,I had to read the other person patterns and then use it for the rest of the experiment~~~,picker,877646,74,1809-1c35c31e-3124-4b30-ad52-72d41a061a3a,1609798912571.9998
1.3500000000000012,yes,human,yes,no,"I chose the same colors for the same words each time, and used process of elimination when I was unsure~~~",picker,829152,42,4988-9cdbd061-d61a-47b8-846a-bbe15cdc396e,1609798916188.9998
0.9900000000000007,yes,human,yes,None,I tried to stay consistent so that the other person could learn what I correlated with the colors~~~,picker,837862,85,7617-35c6a85c-f12b-482d-845b-8f9c53541b1e,1609798919115
0.6300000000000003,yes,program,yes,n/a,I tried to follow the other person's thought process & select answers that would resonate with them~~~,picker,935186,187,1812-d88caa1d-52f2-4cb3-90a0-be219def8301,1609798941413
1.0800000000000007,yes,human,yes,NA,Trying to picture the color of the actual word I was looking at~~~,picker,756095,138,7572-5775a058-1891-4b45-8051-11747a1c1197,1609798948596
0.9900000000000007,yes,human,yes,Thank you and good luck with your research!,I tried to remember what my partner chose~~~,picker,873993,73,7617-35c6a85c-f12b-482d-845b-8f9c53541b1e,1609798954463
1.0800000000000007,yes,human,yes,no,"As the first speaker, I think I set the precedent for how the colors would go~~~ I think I continued to try to be the leader in how the colors would be chosen going forward so that I could respond the same way in turn",picker,782441,170,7572-5775a058-1891-4b45-8051-11747a1c1197,1609798961971.0002
0.6000000000000003,yes,program,yes,No~~~,I tried to remember what colors the other participant used earlier~~~,picker,766126,103,0505-115b8102-c871-4e63-9403-fd04ec076e2d,1609798974547
1.110000000000001,yes,program,yes,No problems~~~ It was kind of fun~~~,"I started as speaker and tried to ""train"" my partner (person or machine) by being consistent with my color choices~~~ I adjusted by using their color choices after their first round and also when I realized some of the initial colors were too close together and being confused~~~",picker,836638,226,1313-db9e8f03-c884-4aba-a96f-6de4e2515393,1609798995047.9998
0.6000000000000003,yes,program,yes,None~~~,"I tried to use my gut, but in the case of an actual human, I tried to remember the same color answers~~~",picker,801779,43,0505-115b8102-c871-4e63-9403-fd04ec076e2d,1609799004945
1.110000000000001,yes,human,yes,n/a,I learned what my partner waws using and used those in my speaker role~~~,picker,854788,18,1313-db9e8f03-c884-4aba-a96f-6de4e2515393,1609799017357.9998
0.6300000000000003,yes,human,yes,No~~~,Try to the an emotion or physical trait of the word to a few colors and tried to stick to them and hopefully learned to stick to one or two choice colors for each word later into the experiment~~~,picker,1011733,124,1812-d88caa1d-52f2-4cb3-90a0-be219def8301,1609799020258
1.2900000000000011,yes,human,yes,no,I tried to pick the option my partner would agree with,picker,1098417,144,8196-14191aa9-551b-4639-a654-a4b788b2e894,1609799032540.9998
0.8400000000000006,yes,human,yes,Ty,Remember what goes with what,picker,859712,143,6824-ad0dc9ae-0b7a-4cf4-86e1-e22cb177763c,1609799087350.9998
1.2900000000000011,NA,NA,yes,I did not notice any problems and did not have any extra comments~~~,"At first I was just trying to figure out the best color for each word, but eventually got into a better flow with my partner as to where we shared similar thoughts~~~ So I tried to use the same color for each word for both of us from then on~~~",picker,1177681,79,8196-14191aa9-551b-4639-a654-a4b788b2e894,1609799094393.9998
0.8400000000000006,yes,human,yes,none,I tried to remember what my partner thought on repeat words~~~,picker,904187,167,6824-ad0dc9ae-0b7a-4cf4-86e1-e22cb177763c,1609799129903
1.0500000000000007,yes,human,yes,no,remember my partner's preferences and try to use them,picker,1049134,58,9309-6b924ad9-d0f7-4c59-84d1-bde0e948139d,1609799134975
1.110000000000001,yes,human,yes,No problems~~~,"I tried to make a mental association, like green for clean energy, bright red or orange for pain, etc~~~",picker,1107163,33,3406-a06264da-2333-4e8f-8088-7ffb5deae309,1609799180719.9998
1.0500000000000007,yes,program,yes,NA,I just clicked on colors that I associated to the closest color~~~,picker,713273,189,6601-f01b7403-f5ca-4cd6-ba05-7f584a7def39,1609799196686
1.0500000000000007,yes,human,yes,No comments and no problems thank you,I tried to remember what color my partner was selecting for each target~~~ And I tried it to copy that,picker,698505,136,6601-f01b7403-f5ca-4cd6-ba05-7f584a7def39,1609799205458.9995
1.110000000000001,yes,human,yes,I had no problems~~~ It was very different from other studies and I enjoyed it~~~,I tried to be consistent when being the speaker so the other could learn my thinking~~~ I also tried to follow the colors they chose when I was the listener~~~,picker,1151706,188,3406-a06264da-2333-4e8f-8088-7ffb5deae309,1609799229548.9998
0.9000000000000006,yes,human,yes,No problems!,To look at what we decided on was the right color for the words~~~~~~,picker,1067193,12,7458-b03df006-a867-4400-8465-e386c16c5440,1609799232043.9995
1.0500000000000007,yes,human,yes,"No, all went well~~~ It was very interesting to see us try to communicate",Tried to remember the positives and adding to them every time,picker,1182183,137,9309-6b924ad9-d0f7-4c59-84d1-bde0e948139d,1609799264043
0.9000000000000006,yes,human,yes,No,"I tried to think of what the other person might associate with the word, like with regret, I looked at the dark blue-ish colors~~~",picker,1112563,91,7458-b03df006-a867-4400-8465-e386c16c5440,1609799284441.9998
1.2600000000000011,yes,human,yes,no,I tried to pick the color if it was a known association like a food and for the other words just ended up trying to match what the other person chose~~~,picker,1093182,112,9355-229b37c6-026c-4d8f-ae06-342c70b2d21d,1609799324370
1.2600000000000011,yes,human,yes,"No, there weren't any problems or technical issues during the game~~~ Overall, I enjoyed the game and had fun with it~~~ Have a great day~~~","My strategy was to use colors that were related to the word in some way when possible~~~ I also tried to repeat the same colors back to my partner so that we could be on the same page~~~ If they used the top row for opinion, I made sure to do the same, etc~~~",picker,1158536,119,9355-229b37c6-026c-4d8f-ae06-342c70b2d21d,1609799392646.9995
0.8100000000000006,yes,program,yes,NA,Just did the best I could,picker,914976,61,3764-122a9ada-86f8-4fa3-a806-525e83c78406,1609799430950
0.8100000000000006,yes,program,yes,yes the other partner was very slow,i just chose colors according to words i believed they represented,picker,920271,98,3764-122a9ada-86f8-4fa3-a806-525e83c78406,1609799457856.9995
1.0500000000000007,yes,human,yes,no problems,I tried to adjust to what the other person was thinking each color represented~~~,picker,1352117,50,2463-6963232f-9d7d-453e-bc34-b5b8670fbc03,1609799641742.9998
0.9300000000000006,yes,program,yes,No problems,I attempted to adapt myself to the other players thought process to better work as a team~~~,picker,1408122,175,8859-26e63469-93eb-4401-85a8-f1ffc5f2121d,1609799662962.9998
1.0500000000000007,yes,human,yes,NONE,"Since the words were repeated, I matched the words to the same colors for every round~~~ For example, boat was dark grey and fire was red for every round",picker,1416545,75,2463-6963232f-9d7d-453e-bc34-b5b8670fbc03,1609799692718.9995
0.9000000000000006,yes,human,yes,i understood everything clearly thanks,I tried to pay attention to each color my partner was associating with a word~~~ Then I tried to remember that for ea ch round so we could get a better score~~~,picker,711420,140,9503-0f708e05-9ef9-4202-bd85-72548975e245,1609799695931.9995
0.9300000000000006,yes,program,yes,No problems,I give my best,picker,1436833,184,8859-26e63469-93eb-4401-85a8-f1ffc5f2121d,1609799709169.9998
0.9000000000000006,yes,human,yes,"I was unable to submit the HIT on the MTurk platform due to the timer expiring - it would not accept my MTurk ID as filler~~~ I make mention of this in a message I sent through the MTurk platform messaging system~~~ You can contact me at chandreu_andreu@yahoo~~~com, because I'd really like to receive compensation for this work and I think it would only just take setting up a simple HIT with my bonus amount + the 50 cents for reading the instructions~~~

I appreciate any help you can provide~~~ Thank you~~~","I tried to understand what my partner thought a certain thing would be, but I often get scatterbrained and forget~~~",picker,836524,131,9503-0f708e05-9ef9-4202-bd85-72548975e245,1609799804678
0.7500000000000004,yes,human,yes,NA,I tried to remember what color the words were when the other player was the speaker and duplicate that~~~ It was difficult sometimes because there were words I don't associate with any color(like responsibility),picker,1037480,5,7216-cff3bdef-3ab3-459c-9563-0fc21aadce7e,1609799929149
0.7500000000000004,yes,human,yes,no,"I tried to remember what color the other person chose for each word and go with that, but they kept changing it so I got confused~~~",picker,1256224,87,7216-cff3bdef-3ab3-459c-9563-0fc21aadce7e,1609799993633.9998
